Id_220,Id_107,ProcessorId_220,CatalogItemId_220,ProcessorId_107,CatalogItemId_107,conflict_type
3028,534,2,534,2,534,BUSINESS_DUPLICATE_DIFFERENT_ID
3029,533,2,533,2,533,BUSINESS_DUPLICATE_DIFFERENT_ID
3031,535,2,535,2,535,BUSINESS_DUPLICATE_DIFFERENT_ID
3032,536,2,536,2,536,BUSINESS_DUPLICATE_DIFFERENT_ID
3033,537,2,537,2,537,BUSINESS_DUPLICATE_DIFFERENT_ID
3034,538,2,538,2,538,BUSINESS_DUPLICATE_DIFFERENT_ID
3035,532,1,532,1,532,BUSINESS_DUPLICATE_DIFFERENT_ID
3036,531,1,531,1,531,BUSINESS_DUPLICATE_DIFFERENT_ID
3037,530,1,530,1,530,BUSINESS_DUPLICATE_DIFFERENT_ID
3038,1179,1,1179,1,1179,BUSINESS_DUPLICATE_DIFFERENT_ID
3039,446,11,446,11,446,BUSINESS_DUPLICATE_DIFFERENT_ID
3040,445,11,445,11,445,BUSINESS_DUPLICATE_DIFFERENT_ID
3041,1757,54,1390,54,1390,BUSINESS_DUPLICATE_DIFFERENT_ID
3042,1823,20,1391,20,1391,BUSINESS_DUPLICATE_DIFFERENT_ID
3043,470,11,470,11,470,BUSINESS_DUPLICATE_DIFFERENT_ID
3044,471,11,471,11,471,BUSINESS_DUPLICATE_DIFFERENT_ID
3081,539,2,539,2,539,BUSINESS_DUPLICATE_DIFFERENT_ID
3082,229,38,229,38,229,BUSINESS_DUPLICATE_DIFFERENT_ID
3083,181,39,181,39,181,BUSINESS_DUPLICATE_DIFFERENT_ID
3084,209,38,209,38,209,BUSINESS_DUPLICATE_DIFFERENT_ID
3085,2987,65,2441,65,2441,BUSINESS_DUPLICATE_DIFFERENT_ID
3086,202,38,202,38,202,BUSINESS_DUPLICATE_DIFFERENT_ID
3098,1142,9,1142,9,1142,BUSINESS_DUPLICATE_DIFFERENT_ID
3105,1154,9,1154,9,1154,BUSINESS_DUPLICATE_DIFFERENT_ID
3106,1160,9,1160,9,1160,BUSINESS_DUPLICATE_DIFFERENT_ID
3112,1178,9,1178,9,1178,BUSINESS_DUPLICATE_DIFFERENT_ID
3114,1673,9,1432,9,1432,BUSINESS_DUPLICATE_DIFFERENT_ID
3115,1646,9,1425,9,1425,BUSINESS_DUPLICATE_DIFFERENT_ID
3120,2255,9,1817,9,1817,BUSINESS_DUPLICATE_DIFFERENT_ID
3121,2261,9,1823,9,1823,BUSINESS_DUPLICATE_DIFFERENT_ID
3122,2258,9,1820,9,1820,BUSINESS_DUPLICATE_DIFFERENT_ID
3132,1643,9,1424,9,1424,BUSINESS_DUPLICATE_DIFFERENT_ID
3133,1460,9,1378,9,1378,BUSINESS_DUPLICATE_DIFFERENT_ID
3134,1457,9,1377,9,1377,BUSINESS_DUPLICATE_DIFFERENT_ID
3136,1424,9,1366,9,1366,BUSINESS_DUPLICATE_DIFFERENT_ID
3137,2679,9,2190,9,2190,BUSINESS_DUPLICATE_DIFFERENT_ID
3138,1164,9,1164,9,1164,BUSINESS_DUPLICATE_DIFFERENT_ID
3139,2676,9,2187,9,2187,BUSINESS_DUPLICATE_DIFFERENT_ID
3141,1685,9,1436,9,1436,BUSINESS_DUPLICATE_DIFFERENT_ID
3142,1679,9,1434,9,1434,BUSINESS_DUPLICATE_DIFFERENT_ID
3143,1670,9,1431,9,1431,BUSINESS_DUPLICATE_DIFFERENT_ID
3144,1664,9,1429,9,1429,BUSINESS_DUPLICATE_DIFFERENT_ID
3145,1649,9,1426,9,1426,BUSINESS_DUPLICATE_DIFFERENT_ID
3146,1628,9,1419,9,1419,BUSINESS_DUPLICATE_DIFFERENT_ID
3147,1661,9,1428,9,1428,BUSINESS_DUPLICATE_DIFFERENT_ID
3148,1451,9,1375,9,1375,BUSINESS_DUPLICATE_DIFFERENT_ID
3149,1676,66,1433,66,1433,BUSINESS_DUPLICATE_DIFFERENT_ID
3150,1466,48,1380,48,1380,BUSINESS_DUPLICATE_DIFFERENT_ID
3151,1769,60,1530,60,1530,BUSINESS_DUPLICATE_DIFFERENT_ID
3152,1763,48,1532,48,1532,BUSINESS_DUPLICATE_DIFFERENT_ID
3153,1760,18,1533,18,1533,BUSINESS_DUPLICATE_DIFFERENT_ID
3155,2919,26,2391,26,2391,BUSINESS_DUPLICATE_DIFFERENT_ID
3156,114,35,114,35,114,BUSINESS_DUPLICATE_DIFFERENT_ID
3157,2738,61,2231,61,2231,BUSINESS_DUPLICATE_DIFFERENT_ID
3158,96,24,96,24,96,BUSINESS_DUPLICATE_DIFFERENT_ID
3159,95,24,95,24,95,BUSINESS_DUPLICATE_DIFFERENT_ID
3160,94,18,94,18,94,BUSINESS_DUPLICATE_DIFFERENT_ID
3161,86,48,86,48,86,BUSINESS_DUPLICATE_DIFFERENT_ID
3162,82,60,82,60,82,BUSINESS_DUPLICATE_DIFFERENT_ID
3163,2922,18,2388,18,2388,BUSINESS_DUPLICATE_DIFFERENT_ID
3164,115,35,115,35,115,BUSINESS_DUPLICATE_DIFFERENT_ID
3165,38,59,38,59,38,BUSINESS_DUPLICATE_DIFFERENT_ID
3166,37,59,37,59,37,BUSINESS_DUPLICATE_DIFFERENT_ID
3167,36,59,36,59,36,BUSINESS_DUPLICATE_DIFFERENT_ID
3168,35,59,35,59,35,BUSINESS_DUPLICATE_DIFFERENT_ID
3169,34,59,34,59,34,BUSINESS_DUPLICATE_DIFFERENT_ID
3171,32,18,32,18,32,BUSINESS_DUPLICATE_DIFFERENT_ID
3172,123,62,123,62,123,BUSINESS_DUPLICATE_DIFFERENT_ID
3173,2410,18,1957,18,1957,BUSINESS_DUPLICATE_DIFFERENT_ID
3175,2571,60,2079,60,2079,BUSINESS_DUPLICATE_DIFFERENT_ID
3176,2426,35,1975,35,1975,BUSINESS_DUPLICATE_DIFFERENT_ID
3177,128,60,128,60,128,BUSINESS_DUPLICATE_DIFFERENT_ID
3178,127,62,127,62,127,BUSINESS_DUPLICATE_DIFFERENT_ID
3179,126,59,126,59,126,BUSINESS_DUPLICATE_DIFFERENT_ID
3181,124,62,124,62,124,BUSINESS_DUPLICATE_DIFFERENT_ID
3183,122,62,122,62,122,BUSINESS_DUPLICATE_DIFFERENT_ID
3184,121,59,121,59,121,BUSINESS_DUPLICATE_DIFFERENT_ID
3185,120,62,120,62,120,BUSINESS_DUPLICATE_DIFFERENT_ID
3186,119,22,119,22,119,BUSINESS_DUPLICATE_DIFFERENT_ID
3187,118,35,118,35,118,BUSINESS_DUPLICATE_DIFFERENT_ID
3188,117,35,117,35,117,BUSINESS_DUPLICATE_DIFFERENT_ID
3189,116,35,116,35,116,BUSINESS_DUPLICATE_DIFFERENT_ID
3190,17,62,17,62,17,BUSINESS_DUPLICATE_DIFFERENT_ID
3191,203,38,203,38,203,BUSINESS_DUPLICATE_DIFFERENT_ID
3192,204,38,204,38,204,BUSINESS_DUPLICATE_DIFFERENT_ID
3194,205,38,205,38,205,BUSINESS_DUPLICATE_DIFFERENT_ID
3195,206,38,206,38,206,BUSINESS_DUPLICATE_DIFFERENT_ID
3197,517,59,517,59,517,BUSINESS_DUPLICATE_DIFFERENT_ID
3198,207,38,207,38,207,BUSINESS_DUPLICATE_DIFFERENT_ID
3199,208,38,208,38,208,BUSINESS_DUPLICATE_DIFFERENT_ID
3200,231,38,231,38,231,BUSINESS_DUPLICATE_DIFFERENT_ID
3201,519,25,519,25,519,BUSINESS_DUPLICATE_DIFFERENT_ID
3202,210,38,210,38,210,BUSINESS_DUPLICATE_DIFFERENT_ID
3203,211,38,211,38,211,BUSINESS_DUPLICATE_DIFFERENT_ID
3204,212,38,212,38,212,BUSINESS_DUPLICATE_DIFFERENT_ID
3205,164,38,164,38,164,BUSINESS_DUPLICATE_DIFFERENT_ID
3206,520,59,520,59,520,BUSINESS_DUPLICATE_DIFFERENT_ID
3207,214,38,214,38,214,BUSINESS_DUPLICATE_DIFFERENT_ID
3208,129,46,129,46,129,BUSINESS_DUPLICATE_DIFFERENT_ID
3209,215,38,215,38,215,BUSINESS_DUPLICATE_DIFFERENT_ID
3210,342,41,342,41,342,BUSINESS_DUPLICATE_DIFFERENT_ID
3211,523,18,523,18,523,BUSINESS_DUPLICATE_DIFFERENT_ID
3212,334,41,334,41,334,BUSINESS_DUPLICATE_DIFFERENT_ID
3213,335,41,335,41,335,BUSINESS_DUPLICATE_DIFFERENT_ID
3214,2288,59,1847,59,1847,BUSINESS_DUPLICATE_DIFFERENT_ID
3215,9,62,9,62,9,BUSINESS_DUPLICATE_DIFFERENT_ID
3217,10,62,10,62,10,BUSINESS_DUPLICATE_DIFFERENT_ID
3219,11,62,11,62,11,BUSINESS_DUPLICATE_DIFFERENT_ID
3221,336,41,336,41,336,BUSINESS_DUPLICATE_DIFFERENT_ID
3223,454,43,454,43,454,BUSINESS_DUPLICATE_DIFFERENT_ID
3224,521,18,521,18,521,BUSINESS_DUPLICATE_DIFFERENT_ID
3228,337,41,337,41,337,BUSINESS_DUPLICATE_DIFFERENT_ID
3229,15,18,15,18,15,BUSINESS_DUPLICATE_DIFFERENT_ID
3233,213,38,213,38,213,BUSINESS_DUPLICATE_DIFFERENT_ID
3235,338,41,338,41,338,BUSINESS_DUPLICATE_DIFFERENT_ID
3238,339,41,339,41,339,BUSINESS_DUPLICATE_DIFFERENT_ID
3240,18,62,18,62,18,BUSINESS_DUPLICATE_DIFFERENT_ID
3241,340,41,340,41,340,BUSINESS_DUPLICATE_DIFFERENT_ID
3242,16,62,16,62,16,BUSINESS_DUPLICATE_DIFFERENT_ID
3243,311,41,311,41,311,BUSINESS_DUPLICATE_DIFFERENT_ID
3244,30,18,30,18,30,BUSINESS_DUPLICATE_DIFFERENT_ID
3245,310,41,310,41,310,BUSINESS_DUPLICATE_DIFFERENT_ID
3246,341,41,341,41,341,BUSINESS_DUPLICATE_DIFFERENT_ID
3248,333,41,333,41,333,BUSINESS_DUPLICATE_DIFFERENT_ID
3249,20,62,20,62,20,BUSINESS_DUPLICATE_DIFFERENT_ID
3250,343,41,343,41,343,BUSINESS_DUPLICATE_DIFFERENT_ID
3251,344,41,344,41,344,BUSINESS_DUPLICATE_DIFFERENT_ID
3252,309,41,309,41,309,BUSINESS_DUPLICATE_DIFFERENT_ID
3253,21,62,21,62,21,BUSINESS_DUPLICATE_DIFFERENT_ID
3254,22,62,22,62,22,BUSINESS_DUPLICATE_DIFFERENT_ID
3256,29,26,29,26,29,BUSINESS_DUPLICATE_DIFFERENT_ID
3257,28,18,28,18,28,BUSINESS_DUPLICATE_DIFFERENT_ID
3258,23,62,23,62,23,BUSINESS_DUPLICATE_DIFFERENT_ID
3264,2649,28,2148,28,2148,BUSINESS_DUPLICATE_DIFFERENT_ID
3265,456,11,456,11,456,BUSINESS_DUPLICATE_DIFFERENT_ID
3266,447,11,447,11,447,BUSINESS_DUPLICATE_DIFFERENT_ID
3268,448,11,448,11,448,BUSINESS_DUPLICATE_DIFFERENT_ID
3270,449,11,449,11,449,BUSINESS_DUPLICATE_DIFFERENT_ID
3271,451,11,451,11,451,BUSINESS_DUPLICATE_DIFFERENT_ID
3273,452,11,452,11,452,BUSINESS_DUPLICATE_DIFFERENT_ID
3274,453,11,453,11,453,BUSINESS_DUPLICATE_DIFFERENT_ID
3276,455,11,455,11,455,BUSINESS_DUPLICATE_DIFFERENT_ID
3277,457,11,457,11,457,BUSINESS_DUPLICATE_DIFFERENT_ID
3278,458,11,458,11,458,BUSINESS_DUPLICATE_DIFFERENT_ID
3279,19,62,19,62,19,BUSINESS_DUPLICATE_DIFFERENT_ID
3281,459,11,459,11,459,BUSINESS_DUPLICATE_DIFFERENT_ID
3282,460,11,460,11,460,BUSINESS_DUPLICATE_DIFFERENT_ID
3284,469,11,469,11,469,BUSINESS_DUPLICATE_DIFFERENT_ID
3285,468,11,468,11,468,BUSINESS_DUPLICATE_DIFFERENT_ID
3286,31,26,31,26,31,BUSINESS_DUPLICATE_DIFFERENT_ID
3288,467,11,467,11,467,BUSINESS_DUPLICATE_DIFFERENT_ID
3289,466,11,466,11,466,BUSINESS_DUPLICATE_DIFFERENT_ID
3291,465,11,465,11,465,BUSINESS_DUPLICATE_DIFFERENT_ID
3292,27,60,27,60,27,BUSINESS_DUPLICATE_DIFFERENT_ID
3293,464,11,464,11,464,BUSINESS_DUPLICATE_DIFFERENT_ID
3295,463,11,463,11,463,BUSINESS_DUPLICATE_DIFFERENT_ID
3296,462,11,462,11,462,BUSINESS_DUPLICATE_DIFFERENT_ID
3297,25,24,25,24,25,BUSINESS_DUPLICATE_DIFFERENT_ID
3300,26,25,26,25,26,BUSINESS_DUPLICATE_DIFFERENT_ID
3301,60,11,60,11,60,BUSINESS_DUPLICATE_DIFFERENT_ID
3306,308,41,308,41,308,BUSINESS_DUPLICATE_DIFFERENT_ID
3307,345,41,345,41,345,BUSINESS_DUPLICATE_DIFFERENT_ID
3308,346,41,346,41,346,BUSINESS_DUPLICATE_DIFFERENT_ID
3309,307,41,307,41,307,BUSINESS_DUPLICATE_DIFFERENT_ID
3310,347,41,347,41,347,BUSINESS_DUPLICATE_DIFFERENT_ID
3311,348,41,348,41,348,BUSINESS_DUPLICATE_DIFFERENT_ID
3312,349,41,349,41,349,BUSINESS_DUPLICATE_DIFFERENT_ID
3313,316,41,316,41,316,BUSINESS_DUPLICATE_DIFFERENT_ID
3315,321,41,321,41,321,BUSINESS_DUPLICATE_DIFFERENT_ID
3316,320,41,320,41,320,BUSINESS_DUPLICATE_DIFFERENT_ID
3317,319,41,319,41,319,BUSINESS_DUPLICATE_DIFFERENT_ID
3318,322,41,322,41,322,BUSINESS_DUPLICATE_DIFFERENT_ID
3319,318,41,318,41,318,BUSINESS_DUPLICATE_DIFFERENT_ID
3320,323,41,323,41,323,BUSINESS_DUPLICATE_DIFFERENT_ID
3321,2910,17,2382,17,2382,BUSINESS_DUPLICATE_DIFFERENT_ID
3323,325,41,325,41,325,BUSINESS_DUPLICATE_DIFFERENT_ID
3324,1330,17,1330,17,1330,BUSINESS_DUPLICATE_DIFFERENT_ID
3325,326,41,326,41,326,BUSINESS_DUPLICATE_DIFFERENT_ID
3326,317,41,317,41,317,BUSINESS_DUPLICATE_DIFFERENT_ID
3327,306,41,306,41,306,BUSINESS_DUPLICATE_DIFFERENT_ID
3328,327,41,327,41,327,BUSINESS_DUPLICATE_DIFFERENT_ID
3329,1327,17,1327,17,1327,BUSINESS_DUPLICATE_DIFFERENT_ID
3330,315,41,315,41,315,BUSINESS_DUPLICATE_DIFFERENT_ID
3331,314,41,314,41,314,BUSINESS_DUPLICATE_DIFFERENT_ID
3332,1328,17,1328,17,1328,BUSINESS_DUPLICATE_DIFFERENT_ID
3334,1326,17,1326,17,1326,BUSINESS_DUPLICATE_DIFFERENT_ID
3335,1329,17,1329,17,1329,BUSINESS_DUPLICATE_DIFFERENT_ID
3336,1862,17,1625,17,1625,BUSINESS_DUPLICATE_DIFFERENT_ID
3338,1324,17,1324,17,1324,BUSINESS_DUPLICATE_DIFFERENT_ID
3339,1323,17,1323,17,1323,BUSINESS_DUPLICATE_DIFFERENT_ID
3340,1322,17,1322,17,1322,BUSINESS_DUPLICATE_DIFFERENT_ID
3341,1316,17,1316,17,1316,BUSINESS_DUPLICATE_DIFFERENT_ID
3342,1315,17,1315,17,1315,BUSINESS_DUPLICATE_DIFFERENT_ID
3343,1314,17,1314,17,1314,BUSINESS_DUPLICATE_DIFFERENT_ID
3344,2726,17,2225,17,2225,BUSINESS_DUPLICATE_DIFFERENT_ID
3345,1385,17,1352,17,1352,BUSINESS_DUPLICATE_DIFFERENT_ID
3346,2377,17,1920,17,1920,BUSINESS_DUPLICATE_DIFFERENT_ID
3347,2415,17,1962,17,1962,BUSINESS_DUPLICATE_DIFFERENT_ID
3348,1749,17,1478,17,1478,BUSINESS_DUPLICATE_DIFFERENT_ID
3349,3008,17,2459,17,2459,BUSINESS_DUPLICATE_DIFFERENT_ID
3351,1397,17,1356,17,1356,BUSINESS_DUPLICATE_DIFFERENT_ID
3352,1394,17,1355,17,1355,BUSINESS_DUPLICATE_DIFFERENT_ID
3354,1331,17,1331,17,1331,BUSINESS_DUPLICATE_DIFFERENT_ID
3355,1361,17,1344,17,1344,BUSINESS_DUPLICATE_DIFFERENT_ID
3356,1337,17,1337,17,1337,BUSINESS_DUPLICATE_DIFFERENT_ID
3357,1336,17,1336,17,1336,BUSINESS_DUPLICATE_DIFFERENT_ID
3358,1334,17,1334,17,1334,BUSINESS_DUPLICATE_DIFFERENT_ID
3359,1333,17,1333,17,1333,BUSINESS_DUPLICATE_DIFFERENT_ID
3360,1332,17,1332,17,1332,BUSINESS_DUPLICATE_DIFFERENT_ID
3361,1285,17,1285,17,1285,BUSINESS_DUPLICATE_DIFFERENT_ID
3362,1284,17,1284,17,1284,BUSINESS_DUPLICATE_DIFFERENT_ID
3363,1281,17,1281,17,1281,BUSINESS_DUPLICATE_DIFFERENT_ID
3364,1280,17,1280,17,1280,BUSINESS_DUPLICATE_DIFFERENT_ID
3365,1279,17,1279,17,1279,BUSINESS_DUPLICATE_DIFFERENT_ID
3366,2429,17,1978,17,1978,BUSINESS_DUPLICATE_DIFFERENT_ID
3367,2646,17,2145,17,2145,BUSINESS_DUPLICATE_DIFFERENT_ID
3368,2589,17,2091,17,2091,BUSINESS_DUPLICATE_DIFFERENT_ID
3369,2592,17,2094,17,2094,BUSINESS_DUPLICATE_DIFFERENT_ID
3370,2595,17,2097,17,2097,BUSINESS_DUPLICATE_DIFFERENT_ID
3371,2598,17,2100,17,2100,BUSINESS_DUPLICATE_DIFFERENT_ID
3372,2601,17,2103,17,2103,BUSINESS_DUPLICATE_DIFFERENT_ID
3373,1301,17,1301,17,1301,BUSINESS_DUPLICATE_DIFFERENT_ID
3374,2763,17,2256,17,2256,BUSINESS_DUPLICATE_DIFFERENT_ID
3375,2760,17,2253,17,2253,BUSINESS_DUPLICATE_DIFFERENT_ID
3376,2757,17,2250,17,2250,BUSINESS_DUPLICATE_DIFFERENT_ID
3377,2754,17,2247,17,2247,BUSINESS_DUPLICATE_DIFFERENT_ID
3378,2769,17,2244,17,2244,BUSINESS_DUPLICATE_DIFFERENT_ID
3379,1313,17,1313,17,1313,BUSINESS_DUPLICATE_DIFFERENT_ID
3380,1312,17,1312,17,1312,BUSINESS_DUPLICATE_DIFFERENT_ID
3381,1302,17,1302,17,1302,BUSINESS_DUPLICATE_DIFFERENT_ID
3382,2766,17,2259,17,2259,BUSINESS_DUPLICATE_DIFFERENT_ID
3383,1293,17,1293,17,1293,BUSINESS_DUPLICATE_DIFFERENT_ID
3384,2604,17,2106,17,2106,BUSINESS_DUPLICATE_DIFFERENT_ID
3385,2723,17,2222,17,2222,BUSINESS_DUPLICATE_DIFFERENT_ID
3386,1292,17,1292,17,1292,BUSINESS_DUPLICATE_DIFFERENT_ID
3387,1291,17,1291,17,1291,BUSINESS_DUPLICATE_DIFFERENT_ID
3389,1288,17,1288,17,1288,BUSINESS_DUPLICATE_DIFFERENT_ID
3390,1269,16,1269,16,1269,BUSINESS_DUPLICATE_DIFFERENT_ID
3391,1268,16,1268,16,1268,BUSINESS_DUPLICATE_DIFFERENT_ID
3393,1263,16,1263,16,1263,BUSINESS_DUPLICATE_DIFFERENT_ID
3394,1264,16,1264,16,1264,BUSINESS_DUPLICATE_DIFFERENT_ID
3395,1265,16,1265,16,1265,BUSINESS_DUPLICATE_DIFFERENT_ID
3396,1916,16,1679,16,1679,BUSINESS_DUPLICATE_DIFFERENT_ID
3397,1272,16,1272,16,1272,BUSINESS_DUPLICATE_DIFFERENT_ID
3398,1274,16,1274,16,1274,BUSINESS_DUPLICATE_DIFFERENT_ID
3399,1275,16,1275,16,1275,BUSINESS_DUPLICATE_DIFFERENT_ID
3400,1277,16,1277,16,1277,BUSINESS_DUPLICATE_DIFFERENT_ID
3401,1278,16,1278,16,1278,BUSINESS_DUPLICATE_DIFFERENT_ID
3402,2090,16,1781,16,1781,BUSINESS_DUPLICATE_DIFFERENT_ID
3404,1691,16,1438,16,1438,BUSINESS_DUPLICATE_DIFFERENT_ID
3405,1270,16,1270,16,1270,BUSINESS_DUPLICATE_DIFFERENT_ID
3406,2583,5,2088,5,2088,BUSINESS_DUPLICATE_DIFFERENT_ID
3407,2093,16,1784,16,1784,BUSINESS_DUPLICATE_DIFFERENT_ID
3408,2669,5,2168,5,2168,BUSINESS_DUPLICATE_DIFFERENT_ID
3409,2936,16,2408,16,2408,BUSINESS_DUPLICATE_DIFFERENT_ID
3410,2666,5,2165,5,2165,BUSINESS_DUPLICATE_DIFFERENT_ID
3413,3014,12,2465,12,2465,BUSINESS_DUPLICATE_DIFFERENT_ID
3415,2553,5,2070,5,2070,BUSINESS_DUPLICATE_DIFFERENT_ID
3416,40,5,40,5,40,BUSINESS_DUPLICATE_DIFFERENT_ID
3418,461,5,461,5,461,BUSINESS_DUPLICATE_DIFFERENT_ID
3425,1694,16,1439,16,1439,BUSINESS_DUPLICATE_DIFFERENT_ID
3427,1249,14,1249,14,1249,BUSINESS_DUPLICATE_DIFFERENT_ID
3429,1251,14,1251,14,1251,BUSINESS_DUPLICATE_DIFFERENT_ID
3430,1252,14,1252,14,1252,BUSINESS_DUPLICATE_DIFFERENT_ID
3431,1253,14,1253,14,1253,BUSINESS_DUPLICATE_DIFFERENT_ID
3433,1254,14,1254,14,1254,BUSINESS_DUPLICATE_DIFFERENT_ID
3436,850,5,850,5,850,BUSINESS_DUPLICATE_DIFFERENT_ID
3457,256,38,256,38,256,BUSINESS_DUPLICATE_DIFFERENT_ID
3458,250,38,250,38,250,BUSINESS_DUPLICATE_DIFFERENT_ID
3459,251,38,251,38,251,BUSINESS_DUPLICATE_DIFFERENT_ID
3460,252,38,252,38,252,BUSINESS_DUPLICATE_DIFFERENT_ID
3461,253,38,253,38,253,BUSINESS_DUPLICATE_DIFFERENT_ID
3462,254,38,254,38,254,BUSINESS_DUPLICATE_DIFFERENT_ID
3463,255,38,255,38,255,BUSINESS_DUPLICATE_DIFFERENT_ID
3464,249,38,249,38,249,BUSINESS_DUPLICATE_DIFFERENT_ID
3465,257,38,257,38,257,BUSINESS_DUPLICATE_DIFFERENT_ID
3466,258,38,258,38,258,BUSINESS_DUPLICATE_DIFFERENT_ID
3467,89,21,89,21,89,BUSINESS_DUPLICATE_DIFFERENT_ID
3468,88,32,88,32,88,BUSINESS_DUPLICATE_DIFFERENT_ID
3469,259,38,259,38,259,BUSINESS_DUPLICATE_DIFFERENT_ID
3470,260,38,260,38,260,BUSINESS_DUPLICATE_DIFFERENT_ID
3471,261,38,261,38,261,BUSINESS_DUPLICATE_DIFFERENT_ID
3472,262,38,262,38,262,BUSINESS_DUPLICATE_DIFFERENT_ID
3473,240,38,240,38,240,BUSINESS_DUPLICATE_DIFFERENT_ID
3474,232,38,232,38,232,BUSINESS_DUPLICATE_DIFFERENT_ID
3475,233,38,233,38,233,BUSINESS_DUPLICATE_DIFFERENT_ID
3477,234,38,234,38,234,BUSINESS_DUPLICATE_DIFFERENT_ID
3479,235,38,235,38,235,BUSINESS_DUPLICATE_DIFFERENT_ID
3480,236,38,236,38,236,BUSINESS_DUPLICATE_DIFFERENT_ID
3481,1970,12,1700,12,1700,BUSINESS_DUPLICATE_DIFFERENT_ID
3482,237,38,237,38,237,BUSINESS_DUPLICATE_DIFFERENT_ID
3483,1973,12,1703,12,1703,BUSINESS_DUPLICATE_DIFFERENT_ID
3484,1976,12,1706,12,1706,BUSINESS_DUPLICATE_DIFFERENT_ID
3485,1964,12,1694,12,1694,BUSINESS_DUPLICATE_DIFFERENT_ID
3491,2015,12,1745,12,1745,BUSINESS_DUPLICATE_DIFFERENT_ID
3493,1967,12,1697,12,1697,BUSINESS_DUPLICATE_DIFFERENT_ID
3495,1979,12,1709,12,1709,BUSINESS_DUPLICATE_DIFFERENT_ID
3496,1982,12,1712,12,1712,BUSINESS_DUPLICATE_DIFFERENT_ID
3497,1985,12,1715,12,1715,BUSINESS_DUPLICATE_DIFFERENT_ID
3498,1988,12,1718,12,1718,BUSINESS_DUPLICATE_DIFFERENT_ID
3499,1991,12,1721,12,1721,BUSINESS_DUPLICATE_DIFFERENT_ID
3500,1994,12,1724,12,1724,BUSINESS_DUPLICATE_DIFFERENT_ID
3501,1997,12,1727,12,1727,BUSINESS_DUPLICATE_DIFFERENT_ID
3502,2000,12,1730,12,1730,BUSINESS_DUPLICATE_DIFFERENT_ID
3503,2003,12,1733,12,1733,BUSINESS_DUPLICATE_DIFFERENT_ID
3504,2006,12,1736,12,1736,BUSINESS_DUPLICATE_DIFFERENT_ID
3505,2009,12,1739,12,1739,BUSINESS_DUPLICATE_DIFFERENT_ID
3506,2012,12,1742,12,1742,BUSINESS_DUPLICATE_DIFFERENT_ID
3507,2376,12,1918,12,1918,BUSINESS_DUPLICATE_DIFFERENT_ID
3508,2945,12,2417,12,2417,BUSINESS_DUPLICATE_DIFFERENT_ID
3509,2942,12,2414,12,2414,BUSINESS_DUPLICATE_DIFFERENT_ID
3510,1748,12,1601,12,1601,BUSINESS_DUPLICATE_DIFFERENT_ID
3511,1877,12,1640,12,1640,BUSINESS_DUPLICATE_DIFFERENT_ID
3512,1874,12,1637,12,1637,BUSINESS_DUPLICATE_DIFFERENT_ID
3513,1871,12,1634,12,1634,BUSINESS_DUPLICATE_DIFFERENT_ID
3517,1868,12,1631,12,1631,BUSINESS_DUPLICATE_DIFFERENT_ID
3518,2385,12,1926,12,1926,BUSINESS_DUPLICATE_DIFFERENT_ID
3519,2382,12,1924,12,1924,BUSINESS_DUPLICATE_DIFFERENT_ID
3521,2373,12,1915,12,1915,BUSINESS_DUPLICATE_DIFFERENT_ID
3526,2359,12,1905,12,1905,BUSINESS_DUPLICATE_DIFFERENT_ID
3527,2353,12,1897,12,1897,BUSINESS_DUPLICATE_DIFFERENT_ID
3528,2350,12,1894,12,1894,BUSINESS_DUPLICATE_DIFFERENT_ID
3535,1245,12,1245,12,1245,BUSINESS_DUPLICATE_DIFFERENT_ID
3536,1224,12,1224,12,1224,BUSINESS_DUPLICATE_DIFFERENT_ID
3537,1223,13,1223,13,1223,BUSINESS_DUPLICATE_DIFFERENT_ID
3538,1222,12,1222,12,1222,BUSINESS_DUPLICATE_DIFFERENT_ID
3539,1221,13,1221,13,1221,BUSINESS_DUPLICATE_DIFFERENT_ID
3540,1220,12,1220,12,1220,BUSINESS_DUPLICATE_DIFFERENT_ID
3541,1243,12,1243,12,1243,BUSINESS_DUPLICATE_DIFFERENT_ID
3542,1219,12,1219,12,1219,BUSINESS_DUPLICATE_DIFFERENT_ID
3543,1218,12,1218,12,1218,BUSINESS_DUPLICATE_DIFFERENT_ID
3544,1244,12,1244,12,1244,BUSINESS_DUPLICATE_DIFFERENT_ID
3546,1246,12,1246,12,1246,BUSINESS_DUPLICATE_DIFFERENT_ID
3548,1248,12,1248,12,1248,BUSINESS_DUPLICATE_DIFFERENT_ID
3549,1217,12,1217,12,1217,BUSINESS_DUPLICATE_DIFFERENT_ID
3550,1216,12,1216,12,1216,BUSINESS_DUPLICATE_DIFFERENT_ID
3551,1215,12,1215,12,1215,BUSINESS_DUPLICATE_DIFFERENT_ID
3552,1214,12,1214,12,1214,BUSINESS_DUPLICATE_DIFFERENT_ID
3553,1213,12,1213,12,1213,BUSINESS_DUPLICATE_DIFFERENT_ID
3554,2018,12,1748,12,1748,BUSINESS_DUPLICATE_DIFFERENT_ID
3555,1236,12,1236,12,1236,BUSINESS_DUPLICATE_DIFFERENT_ID
3556,1235,12,1235,12,1235,BUSINESS_DUPLICATE_DIFFERENT_ID
3557,1234,12,1234,12,1234,BUSINESS_DUPLICATE_DIFFERENT_ID
3558,1233,13,1233,13,1233,BUSINESS_DUPLICATE_DIFFERENT_ID
3559,1232,13,1232,13,1232,BUSINESS_DUPLICATE_DIFFERENT_ID
3560,1237,12,1237,12,1237,BUSINESS_DUPLICATE_DIFFERENT_ID
3561,1238,12,1238,12,1238,BUSINESS_DUPLICATE_DIFFERENT_ID
3562,2021,12,1751,12,1751,BUSINESS_DUPLICATE_DIFFERENT_ID
3563,1231,13,1231,13,1231,BUSINESS_DUPLICATE_DIFFERENT_ID
3564,1230,12,1230,12,1230,BUSINESS_DUPLICATE_DIFFERENT_ID
3566,1229,13,1229,13,1229,BUSINESS_DUPLICATE_DIFFERENT_ID
3567,1228,13,1228,13,1228,BUSINESS_DUPLICATE_DIFFERENT_ID
3568,1227,12,1227,12,1227,BUSINESS_DUPLICATE_DIFFERENT_ID
3569,1226,13,1226,13,1226,BUSINESS_DUPLICATE_DIFFERENT_ID
3571,1225,12,1225,12,1225,BUSINESS_DUPLICATE_DIFFERENT_ID
3572,1186,12,1186,12,1186,BUSINESS_DUPLICATE_DIFFERENT_ID
3573,1195,12,1195,12,1195,BUSINESS_DUPLICATE_DIFFERENT_ID
3574,1194,12,1194,12,1194,BUSINESS_DUPLICATE_DIFFERENT_ID
3575,1193,12,1193,12,1193,BUSINESS_DUPLICATE_DIFFERENT_ID
3576,1191,12,1191,12,1191,BUSINESS_DUPLICATE_DIFFERENT_ID
3577,1190,12,1190,12,1190,BUSINESS_DUPLICATE_DIFFERENT_ID
3578,1189,12,1189,12,1189,BUSINESS_DUPLICATE_DIFFERENT_ID
3579,1188,12,1188,12,1188,BUSINESS_DUPLICATE_DIFFERENT_ID
3580,1187,13,1187,13,1187,BUSINESS_DUPLICATE_DIFFERENT_ID
3581,1211,13,1211,13,1211,BUSINESS_DUPLICATE_DIFFERENT_ID
3582,1185,12,1185,12,1185,BUSINESS_DUPLICATE_DIFFERENT_ID
3583,1184,12,1184,12,1184,BUSINESS_DUPLICATE_DIFFERENT_ID
3584,2102,12,1793,12,1793,BUSINESS_DUPLICATE_DIFFERENT_ID
3586,2033,12,1763,12,1763,BUSINESS_DUPLICATE_DIFFERENT_ID
3587,2030,12,1760,12,1760,BUSINESS_DUPLICATE_DIFFERENT_ID
3588,2027,12,1757,12,1757,BUSINESS_DUPLICATE_DIFFERENT_ID
3589,2024,12,1754,12,1754,BUSINESS_DUPLICATE_DIFFERENT_ID
3590,1197,12,1197,12,1197,BUSINESS_DUPLICATE_DIFFERENT_ID
3591,1212,13,1212,13,1212,BUSINESS_DUPLICATE_DIFFERENT_ID
3592,1210,12,1210,12,1210,BUSINESS_DUPLICATE_DIFFERENT_ID
3593,1209,12,1209,12,1209,BUSINESS_DUPLICATE_DIFFERENT_ID
3594,1208,14,1208,14,1208,BUSINESS_DUPLICATE_DIFFERENT_ID
3595,1207,12,1207,12,1207,BUSINESS_DUPLICATE_DIFFERENT_ID
3596,1206,12,1206,12,1206,BUSINESS_DUPLICATE_DIFFERENT_ID
3597,1205,12,1205,12,1205,BUSINESS_DUPLICATE_DIFFERENT_ID
3598,1204,12,1204,12,1204,BUSINESS_DUPLICATE_DIFFERENT_ID
3599,1202,12,1202,12,1202,BUSINESS_DUPLICATE_DIFFERENT_ID
3600,1201,12,1201,12,1201,BUSINESS_DUPLICATE_DIFFERENT_ID
3601,1200,12,1200,12,1200,BUSINESS_DUPLICATE_DIFFERENT_ID
3602,1199,13,1199,13,1199,BUSINESS_DUPLICATE_DIFFERENT_ID
3603,1958,57,1688,57,1688,BUSINESS_DUPLICATE_DIFFERENT_ID
3604,1203,12,1203,12,1203,BUSINESS_DUPLICATE_DIFFERENT_ID
3606,1198,13,1198,13,1198,BUSINESS_DUPLICATE_DIFFERENT_ID
3607,1196,12,1196,12,1196,BUSINESS_DUPLICATE_DIFFERENT_ID
3609,1961,57,1691,57,1691,BUSINESS_DUPLICATE_DIFFERENT_ID
3610,2297,42,1853,42,1853,BUSINESS_DUPLICATE_DIFFERENT_ID
3611,2036,23,1766,23,1766,BUSINESS_DUPLICATE_DIFFERENT_ID
3612,2984,31,2438,31,2438,BUSINESS_DUPLICATE_DIFFERENT_ID
3613,2285,61,1846,61,1846,BUSINESS_DUPLICATE_DIFFERENT_ID
3614,2458,64,1993,64,1993,BUSINESS_DUPLICATE_DIFFERENT_ID
3615,2658,39,2157,39,2157,BUSINESS_DUPLICATE_DIFFERENT_ID
3616,2643,31,2142,31,2142,BUSINESS_DUPLICATE_DIFFERENT_ID
3617,480,57,480,57,480,BUSINESS_DUPLICATE_DIFFERENT_ID
3618,2461,61,1994,61,1994,BUSINESS_DUPLICATE_DIFFERENT_ID
3619,2981,31,2139,31,2139,BUSINESS_DUPLICATE_DIFFERENT_ID
3620,492,58,492,58,492,BUSINESS_DUPLICATE_DIFFERENT_ID
3621,2637,19,2136,19,2136,BUSINESS_DUPLICATE_DIFFERENT_ID
3622,2565,61,2076,61,2076,BUSINESS_DUPLICATE_DIFFERENT_ID
3623,2474,46,2012,46,2012,BUSINESS_DUPLICATE_DIFFERENT_ID
3625,2466,46,2004,46,2004,BUSINESS_DUPLICATE_DIFFERENT_ID
3626,2729,61,2228,61,2228,BUSINESS_DUPLICATE_DIFFERENT_ID
3627,2574,61,2082,61,2082,BUSINESS_DUPLICATE_DIFFERENT_ID
3628,491,58,491,58,491,BUSINESS_DUPLICATE_DIFFERENT_ID
3630,2302,57,1859,57,1859,BUSINESS_DUPLICATE_DIFFERENT_ID
3631,2333,31,1875,31,1875,BUSINESS_DUPLICATE_DIFFERENT_ID
3632,2444,61,1985,61,1985,BUSINESS_DUPLICATE_DIFFERENT_ID
3634,2775,63,2262,63,2262,BUSINESS_DUPLICATE_DIFFERENT_ID
3635,2930,43,2402,43,2402,BUSINESS_DUPLICATE_DIFFERENT_ID
3636,2939,61,2411,61,2411,BUSINESS_DUPLICATE_DIFFERENT_ID
3637,2948,61,2420,61,2420,BUSINESS_DUPLICATE_DIFFERENT_ID
3638,2349,47,1891,47,1891,BUSINESS_DUPLICATE_DIFFERENT_ID
3639,2334,42,1878,42,1878,BUSINESS_DUPLICATE_DIFFERENT_ID
3640,370,51,370,51,370,BUSINESS_DUPLICATE_DIFFERENT_ID
3641,384,51,384,51,384,BUSINESS_DUPLICATE_DIFFERENT_ID
3642,383,34,383,34,383,BUSINESS_DUPLICATE_DIFFERENT_ID
3643,382,51,382,51,382,BUSINESS_DUPLICATE_DIFFERENT_ID
3644,381,51,381,51,381,BUSINESS_DUPLICATE_DIFFERENT_ID
3645,380,51,380,51,380,BUSINESS_DUPLICATE_DIFFERENT_ID
3646,379,51,379,51,379,BUSINESS_DUPLICATE_DIFFERENT_ID
3647,378,51,378,51,378,BUSINESS_DUPLICATE_DIFFERENT_ID
3648,377,34,377,34,377,BUSINESS_DUPLICATE_DIFFERENT_ID
3649,376,51,376,51,376,BUSINESS_DUPLICATE_DIFFERENT_ID
3650,375,54,375,54,375,BUSINESS_DUPLICATE_DIFFERENT_ID
3651,374,51,374,51,374,BUSINESS_DUPLICATE_DIFFERENT_ID
3652,373,51,373,51,373,BUSINESS_DUPLICATE_DIFFERENT_ID
3653,371,51,371,51,371,BUSINESS_DUPLICATE_DIFFERENT_ID
3654,385,51,385,51,385,BUSINESS_DUPLICATE_DIFFERENT_ID
3655,369,51,369,51,369,BUSINESS_DUPLICATE_DIFFERENT_ID
3656,368,51,368,51,368,BUSINESS_DUPLICATE_DIFFERENT_ID
3657,367,34,367,34,367,BUSINESS_DUPLICATE_DIFFERENT_ID
3659,162,55,162,55,162,BUSINESS_DUPLICATE_DIFFERENT_ID
3660,161,55,161,55,161,BUSINESS_DUPLICATE_DIFFERENT_ID
3661,163,55,163,55,163,BUSINESS_DUPLICATE_DIFFERENT_ID
3662,160,55,160,55,160,BUSINESS_DUPLICATE_DIFFERENT_ID
3663,158,55,158,55,158,BUSINESS_DUPLICATE_DIFFERENT_ID
3664,157,55,157,55,157,BUSINESS_DUPLICATE_DIFFERENT_ID
3665,156,55,156,55,156,BUSINESS_DUPLICATE_DIFFERENT_ID
3666,155,55,155,55,155,BUSINESS_DUPLICATE_DIFFERENT_ID
3667,154,55,154,55,154,BUSINESS_DUPLICATE_DIFFERENT_ID
3668,153,55,153,55,153,BUSINESS_DUPLICATE_DIFFERENT_ID
3669,402,39,402,39,402,BUSINESS_DUPLICATE_DIFFERENT_ID
3670,418,31,418,31,418,BUSINESS_DUPLICATE_DIFFERENT_ID
3671,417,31,417,31,417,BUSINESS_DUPLICATE_DIFFERENT_ID
3672,416,31,416,31,416,BUSINESS_DUPLICATE_DIFFERENT_ID
3673,415,31,415,31,415,BUSINESS_DUPLICATE_DIFFERENT_ID
3674,414,31,414,31,414,BUSINESS_DUPLICATE_DIFFERENT_ID
3675,413,31,413,31,413,BUSINESS_DUPLICATE_DIFFERENT_ID
3677,410,39,410,39,410,BUSINESS_DUPLICATE_DIFFERENT_ID
3679,409,31,409,31,409,BUSINESS_DUPLICATE_DIFFERENT_ID
3680,408,31,408,31,408,BUSINESS_DUPLICATE_DIFFERENT_ID
3681,406,31,406,31,406,BUSINESS_DUPLICATE_DIFFERENT_ID
3682,405,31,405,31,405,BUSINESS_DUPLICATE_DIFFERENT_ID
3683,404,31,404,31,404,BUSINESS_DUPLICATE_DIFFERENT_ID
3684,403,31,403,31,403,BUSINESS_DUPLICATE_DIFFERENT_ID
3685,152,55,152,55,152,BUSINESS_DUPLICATE_DIFFERENT_ID
3686,401,31,401,31,401,BUSINESS_DUPLICATE_DIFFERENT_ID
3687,400,31,400,31,400,BUSINESS_DUPLICATE_DIFFERENT_ID
3688,399,11,399,11,399,BUSINESS_DUPLICATE_DIFFERENT_ID
3689,398,31,398,31,398,BUSINESS_DUPLICATE_DIFFERENT_ID
3690,397,31,397,31,397,BUSINESS_DUPLICATE_DIFFERENT_ID
3691,395,31,395,31,395,BUSINESS_DUPLICATE_DIFFERENT_ID
3692,238,38,238,38,238,BUSINESS_DUPLICATE_DIFFERENT_ID
3693,239,38,239,38,239,BUSINESS_DUPLICATE_DIFFERENT_ID
3694,264,38,264,38,264,BUSINESS_DUPLICATE_DIFFERENT_ID
3695,241,38,241,38,241,BUSINESS_DUPLICATE_DIFFERENT_ID
3696,242,38,242,38,242,BUSINESS_DUPLICATE_DIFFERENT_ID
3697,243,38,243,38,243,BUSINESS_DUPLICATE_DIFFERENT_ID
3698,244,38,244,38,244,BUSINESS_DUPLICATE_DIFFERENT_ID
3699,245,38,245,38,245,BUSINESS_DUPLICATE_DIFFERENT_ID
3701,246,38,246,38,246,BUSINESS_DUPLICATE_DIFFERENT_ID
3702,247,38,247,38,247,BUSINESS_DUPLICATE_DIFFERENT_ID
3703,248,38,248,38,248,BUSINESS_DUPLICATE_DIFFERENT_ID
3704,289,38,289,38,289,BUSINESS_DUPLICATE_DIFFERENT_ID
3705,281,38,281,38,281,BUSINESS_DUPLICATE_DIFFERENT_ID
3706,282,38,282,38,282,BUSINESS_DUPLICATE_DIFFERENT_ID
3707,283,38,283,38,283,BUSINESS_DUPLICATE_DIFFERENT_ID
3708,284,38,284,38,284,BUSINESS_DUPLICATE_DIFFERENT_ID
3709,393,31,393,31,393,BUSINESS_DUPLICATE_DIFFERENT_ID
3710,285,38,285,38,285,BUSINESS_DUPLICATE_DIFFERENT_ID
3711,286,38,286,38,286,BUSINESS_DUPLICATE_DIFFERENT_ID
3712,287,38,287,38,287,BUSINESS_DUPLICATE_DIFFERENT_ID
3713,288,38,288,38,288,BUSINESS_DUPLICATE_DIFFERENT_ID
3715,280,38,280,38,280,BUSINESS_DUPLICATE_DIFFERENT_ID
3716,290,38,290,38,290,BUSINESS_DUPLICATE_DIFFERENT_ID
3717,391,31,391,31,391,BUSINESS_DUPLICATE_DIFFERENT_ID
3718,390,31,390,31,390,BUSINESS_DUPLICATE_DIFFERENT_ID
3720,291,38,291,38,291,BUSINESS_DUPLICATE_DIFFERENT_ID
3721,292,38,292,38,292,BUSINESS_DUPLICATE_DIFFERENT_ID
3722,293,38,293,38,293,BUSINESS_DUPLICATE_DIFFERENT_ID
3723,294,38,294,38,294,BUSINESS_DUPLICATE_DIFFERENT_ID
3725,295,38,295,38,295,BUSINESS_DUPLICATE_DIFFERENT_ID
3726,389,51,389,51,389,BUSINESS_DUPLICATE_DIFFERENT_ID
3727,2927,65,2399,65,2399,BUSINESS_DUPLICATE_DIFFERENT_ID
3728,388,14,388,14,388,BUSINESS_DUPLICATE_DIFFERENT_ID
3729,296,38,296,38,296,BUSINESS_DUPLICATE_DIFFERENT_ID
3730,387,51,387,51,387,BUSINESS_DUPLICATE_DIFFERENT_ID
3731,272,38,272,38,272,BUSINESS_DUPLICATE_DIFFERENT_ID
3732,386,42,386,42,386,BUSINESS_DUPLICATE_DIFFERENT_ID
3733,230,38,230,38,230,BUSINESS_DUPLICATE_DIFFERENT_ID
3734,265,38,265,38,265,BUSINESS_DUPLICATE_DIFFERENT_ID
3735,266,38,266,38,266,BUSINESS_DUPLICATE_DIFFERENT_ID
3736,71,29,71,29,71,BUSINESS_DUPLICATE_DIFFERENT_ID
3737,267,38,267,38,267,BUSINESS_DUPLICATE_DIFFERENT_ID
3738,87,39,87,39,87,BUSINESS_DUPLICATE_DIFFERENT_ID
3739,268,38,268,38,268,BUSINESS_DUPLICATE_DIFFERENT_ID
3743,151,55,151,55,151,BUSINESS_DUPLICATE_DIFFERENT_ID
3744,269,38,269,38,269,BUSINESS_DUPLICATE_DIFFERENT_ID
3745,150,55,150,55,150,BUSINESS_DUPLICATE_DIFFERENT_ID
3748,270,38,270,38,270,BUSINESS_DUPLICATE_DIFFERENT_ID
3749,271,38,271,38,271,BUSINESS_DUPLICATE_DIFFERENT_ID
3750,263,38,263,38,263,BUSINESS_DUPLICATE_DIFFERENT_ID
3752,273,38,273,38,273,BUSINESS_DUPLICATE_DIFFERENT_ID
3754,274,38,274,38,274,BUSINESS_DUPLICATE_DIFFERENT_ID
3755,275,38,275,38,275,BUSINESS_DUPLICATE_DIFFERENT_ID
3757,276,38,276,38,276,BUSINESS_DUPLICATE_DIFFERENT_ID
3759,277,38,277,38,277,BUSINESS_DUPLICATE_DIFFERENT_ID
3761,278,38,278,38,278,BUSINESS_DUPLICATE_DIFFERENT_ID
3762,279,38,279,38,279,BUSINESS_DUPLICATE_DIFFERENT_ID
3764,170,38,170,38,170,BUSINESS_DUPLICATE_DIFFERENT_ID
3765,174,38,174,38,174,BUSINESS_DUPLICATE_DIFFERENT_ID
3766,173,38,173,38,173,BUSINESS_DUPLICATE_DIFFERENT_ID
3767,194,38,194,38,194,BUSINESS_DUPLICATE_DIFFERENT_ID
3768,172,38,172,38,172,BUSINESS_DUPLICATE_DIFFERENT_ID
3769,623,3,623,3,623,BUSINESS_DUPLICATE_DIFFERENT_ID
3770,195,38,195,38,195,BUSINESS_DUPLICATE_DIFFERENT_ID
3771,196,38,196,38,196,BUSINESS_DUPLICATE_DIFFERENT_ID
3772,197,38,197,38,197,BUSINESS_DUPLICATE_DIFFERENT_ID
3774,198,38,198,38,198,BUSINESS_DUPLICATE_DIFFERENT_ID
3775,171,38,171,38,171,BUSINESS_DUPLICATE_DIFFERENT_ID
3777,175,38,175,38,175,BUSINESS_DUPLICATE_DIFFERENT_ID
3778,149,55,149,55,149,BUSINESS_DUPLICATE_DIFFERENT_ID
3779,148,55,148,55,148,BUSINESS_DUPLICATE_DIFFERENT_ID
3780,169,38,169,38,169,BUSINESS_DUPLICATE_DIFFERENT_ID
3781,168,38,168,38,168,BUSINESS_DUPLICATE_DIFFERENT_ID
3783,147,55,147,55,147,BUSINESS_DUPLICATE_DIFFERENT_ID
3784,167,38,167,38,167,BUSINESS_DUPLICATE_DIFFERENT_ID
3785,146,55,146,55,146,BUSINESS_DUPLICATE_DIFFERENT_ID
3786,199,38,199,38,199,BUSINESS_DUPLICATE_DIFFERENT_ID
3787,145,37,145,37,145,BUSINESS_DUPLICATE_DIFFERENT_ID
3788,166,38,166,38,166,BUSINESS_DUPLICATE_DIFFERENT_ID
3789,144,37,144,37,144,BUSINESS_DUPLICATE_DIFFERENT_ID
3791,142,37,142,37,142,BUSINESS_DUPLICATE_DIFFERENT_ID
3793,200,38,200,38,200,BUSINESS_DUPLICATE_DIFFERENT_ID
3795,201,38,201,38,201,BUSINESS_DUPLICATE_DIFFERENT_ID
3797,165,38,165,38,165,BUSINESS_DUPLICATE_DIFFERENT_ID
3800,189,38,189,38,189,BUSINESS_DUPLICATE_DIFFERENT_ID
3802,182,39,182,39,182,BUSINESS_DUPLICATE_DIFFERENT_ID
3803,183,39,183,39,183,BUSINESS_DUPLICATE_DIFFERENT_ID
3804,184,39,184,39,184,BUSINESS_DUPLICATE_DIFFERENT_ID
3805,186,38,186,38,186,BUSINESS_DUPLICATE_DIFFERENT_ID
3806,187,38,187,38,187,BUSINESS_DUPLICATE_DIFFERENT_ID
3807,180,39,180,39,180,BUSINESS_DUPLICATE_DIFFERENT_ID
3808,188,38,188,38,188,BUSINESS_DUPLICATE_DIFFERENT_ID
3809,61,21,61,21,61,BUSINESS_DUPLICATE_DIFFERENT_ID
3810,190,38,190,38,190,BUSINESS_DUPLICATE_DIFFERENT_ID
3811,191,38,191,38,191,BUSINESS_DUPLICATE_DIFFERENT_ID
3812,192,38,192,38,192,BUSINESS_DUPLICATE_DIFFERENT_ID
3813,193,38,193,38,193,BUSINESS_DUPLICATE_DIFFERENT_ID
3814,179,38,179,38,179,BUSINESS_DUPLICATE_DIFFERENT_ID
3815,178,38,178,38,178,BUSINESS_DUPLICATE_DIFFERENT_ID
3816,177,38,177,38,177,BUSINESS_DUPLICATE_DIFFERENT_ID
3817,176,38,176,38,176,BUSINESS_DUPLICATE_DIFFERENT_ID
3818,222,38,222,38,222,BUSINESS_DUPLICATE_DIFFERENT_ID
3819,217,38,217,38,217,BUSINESS_DUPLICATE_DIFFERENT_ID
3820,112,21,112,21,112,BUSINESS_DUPLICATE_DIFFERENT_ID
3821,111,21,111,21,111,BUSINESS_DUPLICATE_DIFFERENT_ID
3822,110,21,110,21,110,BUSINESS_DUPLICATE_DIFFERENT_ID
3823,218,38,218,38,218,BUSINESS_DUPLICATE_DIFFERENT_ID
3824,219,38,219,38,219,BUSINESS_DUPLICATE_DIFFERENT_ID
3825,220,38,220,38,220,BUSINESS_DUPLICATE_DIFFERENT_ID
3826,221,38,221,38,221,BUSINESS_DUPLICATE_DIFFERENT_ID
3827,216,38,216,38,216,BUSINESS_DUPLICATE_DIFFERENT_ID
3828,223,38,223,38,223,BUSINESS_DUPLICATE_DIFFERENT_ID
3829,224,38,224,38,224,BUSINESS_DUPLICATE_DIFFERENT_ID
3830,225,38,225,38,225,BUSINESS_DUPLICATE_DIFFERENT_ID
3831,226,38,226,38,226,BUSINESS_DUPLICATE_DIFFERENT_ID
3832,227,38,227,38,227,BUSINESS_DUPLICATE_DIFFERENT_ID
3833,228,38,228,38,228,BUSINESS_DUPLICATE_DIFFERENT_ID
3834,141,37,141,37,141,BUSINESS_DUPLICATE_DIFFERENT_ID
3835,140,37,140,37,140,BUSINESS_DUPLICATE_DIFFERENT_ID
3836,139,33,139,33,139,BUSINESS_DUPLICATE_DIFFERENT_ID
3837,138,33,138,33,138,BUSINESS_DUPLICATE_DIFFERENT_ID
3838,137,33,137,33,137,BUSINESS_DUPLICATE_DIFFERENT_ID
3840,407,39,407,39,407,BUSINESS_DUPLICATE_DIFFERENT_ID
3841,135,33,135,33,135,BUSINESS_DUPLICATE_DIFFERENT_ID
3842,1260,13,1260,13,1260,BUSINESS_DUPLICATE_DIFFERENT_ID
3843,1261,15,1261,15,1261,BUSINESS_DUPLICATE_DIFFERENT_ID
3845,1259,15,1259,15,1259,BUSINESS_DUPLICATE_DIFFERENT_ID
3846,1258,15,1258,15,1258,BUSINESS_DUPLICATE_DIFFERENT_ID
3847,1257,15,1257,15,1257,BUSINESS_DUPLICATE_DIFFERENT_ID
3848,1262,15,1262,15,1262,BUSINESS_DUPLICATE_DIFFERENT_ID
3849,1256,15,1256,15,1256,BUSINESS_DUPLICATE_DIFFERENT_ID
3850,1255,15,1255,15,1255,BUSINESS_DUPLICATE_DIFFERENT_ID
3851,2412,13,1959,13,1959,BUSINESS_DUPLICATE_DIFFERENT_ID
3852,2652,64,2151,64,2151,BUSINESS_DUPLICATE_DIFFERENT_ID
3853,2655,64,2154,64,2154,BUSINESS_DUPLICATE_DIFFERENT_ID
3854,2925,51,2394,51,2394,BUSINESS_DUPLICATE_DIFFERENT_ID
3855,2295,42,1851,42,1851,BUSINESS_DUPLICATE_DIFFERENT_ID
3856,2990,46,2444,46,2444,BUSINESS_DUPLICATE_DIFFERENT_ID
3857,2993,57,2447,57,2447,BUSINESS_DUPLICATE_DIFFERENT_ID
3858,108,23,108,23,108,BUSINESS_DUPLICATE_DIFFERENT_ID
3859,107,23,107,23,107,BUSINESS_DUPLICATE_DIFFERENT_ID
3860,106,47,106,47,106,BUSINESS_DUPLICATE_DIFFERENT_ID
3865,505,55,505,55,505,BUSINESS_DUPLICATE_DIFFERENT_ID
3866,440,31,440,31,440,BUSINESS_DUPLICATE_DIFFERENT_ID
3867,441,31,441,31,441,BUSINESS_DUPLICATE_DIFFERENT_ID
3868,442,31,442,31,442,BUSINESS_DUPLICATE_DIFFERENT_ID
3869,443,31,443,31,443,BUSINESS_DUPLICATE_DIFFERENT_ID
3871,444,31,444,31,444,BUSINESS_DUPLICATE_DIFFERENT_ID
3872,473,51,473,51,473,BUSINESS_DUPLICATE_DIFFERENT_ID
3873,474,51,474,51,474,BUSINESS_DUPLICATE_DIFFERENT_ID
3874,498,34,498,34,498,BUSINESS_DUPLICATE_DIFFERENT_ID
3876,419,31,419,31,419,BUSINESS_DUPLICATE_DIFFERENT_ID
3877,504,61,504,61,504,BUSINESS_DUPLICATE_DIFFERENT_ID
3878,503,55,503,55,503,BUSINESS_DUPLICATE_DIFFERENT_ID
3879,506,55,506,55,506,BUSINESS_DUPLICATE_DIFFERENT_ID
3880,507,55,507,55,507,BUSINESS_DUPLICATE_DIFFERENT_ID
3882,508,56,508,56,508,BUSINESS_DUPLICATE_DIFFERENT_ID
3883,485,58,485,58,485,BUSINESS_DUPLICATE_DIFFERENT_ID
3884,487,58,487,58,487,BUSINESS_DUPLICATE_DIFFERENT_ID
3885,488,57,488,57,488,BUSINESS_DUPLICATE_DIFFERENT_ID
3886,2039,57,1769,57,1769,BUSINESS_DUPLICATE_DIFFERENT_ID
3887,2267,57,1829,57,1829,BUSINESS_DUPLICATE_DIFFERENT_ID
3888,2269,57,1832,57,1832,BUSINESS_DUPLICATE_DIFFERENT_ID
3889,2272,57,1835,57,1835,BUSINESS_DUPLICATE_DIFFERENT_ID
3890,324,41,324,41,324,BUSINESS_DUPLICATE_DIFFERENT_ID
3891,313,41,313,41,313,BUSINESS_DUPLICATE_DIFFERENT_ID
3892,328,41,328,41,328,BUSINESS_DUPLICATE_DIFFERENT_ID
3893,312,41,312,41,312,BUSINESS_DUPLICATE_DIFFERENT_ID
3894,329,41,329,41,329,BUSINESS_DUPLICATE_DIFFERENT_ID
3895,330,41,330,41,330,BUSINESS_DUPLICATE_DIFFERENT_ID
3896,331,41,331,41,331,BUSINESS_DUPLICATE_DIFFERENT_ID
3897,332,41,332,41,332,BUSINESS_DUPLICATE_DIFFERENT_ID
3898,2496,61,2029,61,2029,BUSINESS_DUPLICATE_DIFFERENT_ID
3899,362,41,362,41,362,BUSINESS_DUPLICATE_DIFFERENT_ID
3900,363,41,363,41,363,BUSINESS_DUPLICATE_DIFFERENT_ID
3901,365,41,365,41,365,BUSINESS_DUPLICATE_DIFFERENT_ID
3902,298,38,298,38,298,BUSINESS_DUPLICATE_DIFFERENT_ID
3903,366,41,366,41,366,BUSINESS_DUPLICATE_DIFFERENT_ID
3904,2340,53,1886,53,1886,BUSINESS_DUPLICATE_DIFFERENT_ID
3905,2548,67,2068,67,2068,BUSINESS_DUPLICATE_DIFFERENT_ID
3906,2528,28,2050,28,2050,BUSINESS_DUPLICATE_DIFFERENT_ID
3907,2527,28,2047,28,2047,BUSINESS_DUPLICATE_DIFFERENT_ID
3908,364,41,364,41,364,BUSINESS_DUPLICATE_DIFFERENT_ID
3909,529,28,529,28,529,BUSINESS_DUPLICATE_DIFFERENT_ID
3910,528,28,528,28,528,BUSINESS_DUPLICATE_DIFFERENT_ID
3911,527,28,527,28,527,BUSINESS_DUPLICATE_DIFFERENT_ID
3912,526,52,526,52,526,BUSINESS_DUPLICATE_DIFFERENT_ID
3913,525,52,525,52,525,BUSINESS_DUPLICATE_DIFFERENT_ID
3914,2293,43,1850,43,1850,BUSINESS_DUPLICATE_DIFFERENT_ID
3915,2279,52,1843,52,1843,BUSINESS_DUPLICATE_DIFFERENT_ID
3916,297,38,297,38,297,BUSINESS_DUPLICATE_DIFFERENT_ID
3917,515,27,515,27,515,BUSINESS_DUPLICATE_DIFFERENT_ID
3918,513,27,513,27,513,BUSINESS_DUPLICATE_DIFFERENT_ID
3919,475,27,475,27,475,BUSINESS_DUPLICATE_DIFFERENT_ID
3920,62,27,62,27,62,BUSINESS_DUPLICATE_DIFFERENT_ID
3921,59,27,59,27,59,BUSINESS_DUPLICATE_DIFFERENT_ID
3922,47,27,47,27,47,BUSINESS_DUPLICATE_DIFFERENT_ID
3923,58,27,58,27,58,BUSINESS_DUPLICATE_DIFFERENT_ID
3924,83,27,83,27,83,BUSINESS_DUPLICATE_DIFFERENT_ID
3925,974,5,974,5,974,BUSINESS_DUPLICATE_DIFFERENT_ID
3926,476,27,476,27,476,BUSINESS_DUPLICATE_DIFFERENT_ID
3927,479,27,479,27,479,BUSINESS_DUPLICATE_DIFFERENT_ID
3928,100,27,100,27,100,BUSINESS_DUPLICATE_DIFFERENT_ID
3929,478,27,478,27,478,BUSINESS_DUPLICATE_DIFFERENT_ID
3931,99,27,99,27,99,BUSINESS_DUPLICATE_DIFFERENT_ID
3932,976,5,976,5,976,BUSINESS_DUPLICATE_DIFFERENT_ID
3933,46,27,46,27,46,BUSINESS_DUPLICATE_DIFFERENT_ID
3934,977,5,977,5,977,BUSINESS_DUPLICATE_DIFFERENT_ID
3935,978,5,978,5,978,BUSINESS_DUPLICATE_DIFFERENT_ID
3936,979,5,979,5,979,BUSINESS_DUPLICATE_DIFFERENT_ID
3937,980,5,980,5,980,BUSINESS_DUPLICATE_DIFFERENT_ID
3938,981,5,981,5,981,BUSINESS_DUPLICATE_DIFFERENT_ID
3939,982,5,982,5,982,BUSINESS_DUPLICATE_DIFFERENT_ID
3940,983,5,983,5,983,BUSINESS_DUPLICATE_DIFFERENT_ID
3941,984,5,984,5,984,BUSINESS_DUPLICATE_DIFFERENT_ID
3942,985,5,985,5,985,BUSINESS_DUPLICATE_DIFFERENT_ID
3943,986,5,986,5,986,BUSINESS_DUPLICATE_DIFFERENT_ID
3944,987,5,987,5,987,BUSINESS_DUPLICATE_DIFFERENT_ID
3945,995,5,995,5,995,BUSINESS_DUPLICATE_DIFFERENT_ID
3946,996,5,996,5,996,BUSINESS_DUPLICATE_DIFFERENT_ID
3947,997,5,997,5,997,BUSINESS_DUPLICATE_DIFFERENT_ID
3948,998,5,998,5,998,BUSINESS_DUPLICATE_DIFFERENT_ID
3949,999,5,999,5,999,BUSINESS_DUPLICATE_DIFFERENT_ID
3950,1000,5,1000,5,1000,BUSINESS_DUPLICATE_DIFFERENT_ID
3951,1001,5,1001,5,1001,BUSINESS_DUPLICATE_DIFFERENT_ID
3952,1028,5,1028,5,1028,BUSINESS_DUPLICATE_DIFFERENT_ID
3953,1029,5,1029,5,1029,BUSINESS_DUPLICATE_DIFFERENT_ID
3954,1030,5,1030,5,1030,BUSINESS_DUPLICATE_DIFFERENT_ID
3955,1031,5,1031,5,1031,BUSINESS_DUPLICATE_DIFFERENT_ID
3956,1032,5,1032,5,1032,BUSINESS_DUPLICATE_DIFFERENT_ID
3957,1033,5,1033,5,1033,BUSINESS_DUPLICATE_DIFFERENT_ID
3958,501,45,501,45,501,BUSINESS_DUPLICATE_DIFFERENT_ID
3959,353,41,353,41,353,BUSINESS_DUPLICATE_DIFFERENT_ID
3960,305,41,305,41,305,BUSINESS_DUPLICATE_DIFFERENT_ID
3961,304,41,304,41,304,BUSINESS_DUPLICATE_DIFFERENT_ID
3962,303,40,303,40,303,BUSINESS_DUPLICATE_DIFFERENT_ID
3963,302,40,302,40,302,BUSINESS_DUPLICATE_DIFFERENT_ID
3964,301,38,301,38,301,BUSINESS_DUPLICATE_DIFFERENT_ID
3965,350,41,350,41,350,BUSINESS_DUPLICATE_DIFFERENT_ID
3966,351,41,351,41,351,BUSINESS_DUPLICATE_DIFFERENT_ID
3967,352,41,352,41,352,BUSINESS_DUPLICATE_DIFFERENT_ID
3968,299,38,299,38,299,BUSINESS_DUPLICATE_DIFFERENT_ID
3969,354,41,354,41,354,BUSINESS_DUPLICATE_DIFFERENT_ID
3970,355,41,355,41,355,BUSINESS_DUPLICATE_DIFFERENT_ID
3971,356,41,356,41,356,BUSINESS_DUPLICATE_DIFFERENT_ID
3972,357,41,357,41,357,BUSINESS_DUPLICATE_DIFFERENT_ID
3973,358,41,358,41,358,BUSINESS_DUPLICATE_DIFFERENT_ID
3974,359,41,359,41,359,BUSINESS_DUPLICATE_DIFFERENT_ID
3975,360,41,360,41,360,BUSINESS_DUPLICATE_DIFFERENT_ID
3976,361,41,361,41,361,BUSINESS_DUPLICATE_DIFFERENT_ID
3977,300,38,300,38,300,BUSINESS_DUPLICATE_DIFFERENT_ID
4006,41,27,41,27,41,BUSINESS_DUPLICATE_DIFFERENT_ID
4063,975,5,975,5,975,BUSINESS_DUPLICATE_DIFFERENT_ID
4066,1034,5,1034,5,1034,BUSINESS_DUPLICATE_DIFFERENT_ID
4067,1035,5,1035,5,1035,BUSINESS_DUPLICATE_DIFFERENT_ID
4069,1036,5,1036,5,1036,BUSINESS_DUPLICATE_DIFFERENT_ID
4071,1037,5,1037,5,1037,BUSINESS_DUPLICATE_DIFFERENT_ID
4073,1038,5,1038,5,1038,BUSINESS_DUPLICATE_DIFFERENT_ID
4074,1039,5,1039,5,1039,BUSINESS_DUPLICATE_DIFFERENT_ID
4075,1040,5,1040,5,1040,BUSINESS_DUPLICATE_DIFFERENT_ID
4076,1054,5,1054,5,1054,BUSINESS_DUPLICATE_DIFFERENT_ID
4077,1055,5,1055,5,1055,BUSINESS_DUPLICATE_DIFFERENT_ID
4078,1056,5,1056,5,1056,BUSINESS_DUPLICATE_DIFFERENT_ID
4079,1057,5,1057,5,1057,BUSINESS_DUPLICATE_DIFFERENT_ID
4080,1058,5,1058,5,1058,BUSINESS_DUPLICATE_DIFFERENT_ID
4081,1059,5,1059,5,1059,BUSINESS_DUPLICATE_DIFFERENT_ID
4083,1060,5,1060,5,1060,BUSINESS_DUPLICATE_DIFFERENT_ID
4085,1061,5,1061,5,1061,BUSINESS_DUPLICATE_DIFFERENT_ID
4087,1062,5,1062,5,1062,BUSINESS_DUPLICATE_DIFFERENT_ID
4089,1063,5,1063,5,1063,BUSINESS_DUPLICATE_DIFFERENT_ID
4091,1064,5,1064,5,1064,BUSINESS_DUPLICATE_DIFFERENT_ID
4092,1065,5,1065,5,1065,BUSINESS_DUPLICATE_DIFFERENT_ID
4094,1066,5,1066,5,1066,BUSINESS_DUPLICATE_DIFFERENT_ID
4099,892,6,892,6,892,BUSINESS_DUPLICATE_DIFFERENT_ID
4142,2523,6,2046,6,2046,BUSINESS_DUPLICATE_DIFFERENT_ID
4161,2306,11,1865,11,1865,BUSINESS_DUPLICATE_DIFFERENT_ID
4167,93,11,93,11,93,BUSINESS_DUPLICATE_DIFFERENT_ID
4170,97,11,97,11,97,BUSINESS_DUPLICATE_DIFFERENT_ID
4173,524,11,524,11,524,BUSINESS_DUPLICATE_DIFFERENT_ID
